INSERT INTO `unit_of_measurement` (`id`, `code`, `unit_name`, `national_symbol`, `code_letter`) VALUES
(4, '003', 'Миллиметр', 'мм', 'mm'),
(5, '004', 'Сантиметр', 'см', 'cm'),
(6, '005', 'Дециметр', 'дм', 'dm'),
(7, '006', 'Метр', 'м', 'm'),
(8, '039', 'Дюйм', 'дюйм', 'in'),
(9, '163', 'Грамм', 'г', 'g'),
(10, '166', 'Килограмм', 'кг', 'kg'),
(11, '168', 'Тонна', 'т', 't'),
(12, '111', 'Кубический сантиметр', 'см3', 'cm3'),
(13, '112', 'Кубический дециметр', 'дм3', 'dm3'),
(14, '113', 'Кубический метр', 'м3', 'm3'),
(16, '051', 'Квадратный сантиметр', 'см2', 'cm2'),
(17, '053', 'Квадратный дециметр', 'дм2', 'dm2'),
(18, '055', 'Квадратный метр', 'м2', 'm2'),
(19, '068', 'Штука', 'Шт', 'ШТ');

INSERT INTO `organization` (`id`, `okpo_number`, `organization_name`) VALUES
(2, '47828137', 'ОАО \"КРАСНОЯРСКЛЕСОМАТЕРИАЛЫ\"'),
(3, '59508432', 'ООО \"ПОСТАВКИ ЛЕСОМАТЕРИАЛОВ\"'),
(4, '64307569', ' ООО\"РЕГИОНАЛЬНЫЕ ПОСТАВКИ ЛЕСОМАТЕРИАЛОВ\"'),
(5, '50664923', 'ООО \"БИЯ-СИНТЕЗ\"'),
(6, '60225303', 'ООО \"ФОРУС\"');

INSERT INTO `material` (`id`, `name_material`, `code_material`, `path_to_img`, `specification`) VALUES
(1, 'Бревна буковые', '02.20.12.112', NULL, NULL),
(2, 'Бревна березовые', '02.20.12.114', NULL, NULL),
(3, 'Бревна дубовые', '02.20.12.111', NULL, NULL),
(4, 'Бревна сосновые', '02.20.11.111', NULL, NULL),
(5, 'Клей ВК-3 (жидкий)', '02.20.52.140', NULL, NULL),
(6, 'Брёвна еловые', '02.20.11.112', NULL, NULL),
(7, 'Бревна лиственницы', '02.20.11.113', NULL, NULL),
(8, 'Лак акриловый', '20.30.12.110', NULL, NULL);

INSERT INTO `invoice` (`id`, `invoice_number`, `date_of_creation`, `is_buy`, `organization_id`) VALUES
(1, '000001', '2011-02-20', 0, 2),
(2, '000002', '2011-02-20', 0, 3),

INSERT INTO `position_in_mat_delivery_note` (`id_`, `amount`, `price`, `invoice_id`, `material_id`, `unit_of_measurement_id`) VALUES
(1, 10, 150, 1, 5, 13),
(3, 10, 7, 1, 2, 13),
(12, 30, 0, 1, 1, 14),
(13, 53, 0, 3, 2, 14),
(14, 5, 0, 1, 1, 14),
